203.34.28.64,80,"Virgin Islands, British",,40 мс,HTTP,Нет,2 минуты
203.30.190.175,80,Belize,,160 мс,HTTP,Нет,2 минуты
45.8.107.248,80,Curacao,,20 мс,HTTP,Нет,2 минуты
172.67.21.12,80,United States,,1200 мс,HTTP,Нет,2 минуты
172.67.182.146,80,United States,,240 мс,HTTP,Нет,2 минуты
172.67.182.121,80,United States,,260 мс,HTTP,Нет,2 минуты
172.67.3.65,80,United States,,460 мс,HTTP,Нет,2 минуты
203.24.108.158,80,Cyprus,,360 мс,HTTP,Нет,2 минуты
172.67.167.92,80,United States,,160 мс,HTTP,Нет,2 минуты
172.67.176.44,80,United States,,260 мс,HTTP,Нет,2 минуты
203.28.9.202,80,Cyprus,,340 мс,HTTP,Нет,2 минуты
185.162.229.216,80,Armenia,,560 мс,HTTP,Нет,2 минуты
203.23.104.1,80,Cyprus,,540 мс,HTTP,Нет,2 минуты
203.34.28.60,80,"Virgin Islands, British",,340 мс,HTTP,Нет,2 минуты
203.30.191.241,80,Belize,,540 мс,HTTP,Нет,2 минуты
45.12.31.179,80,Romania,,340 мс,HTTP,Нет,2 минуты
185.171.230.154,80,United Kingdom,,540 мс,HTTP,Нет,2 минуты
185.162.228.167,80,Armenia,,340 мс,HTTP,Нет,2 минуты
203.23.106.14,80,Cyprus,,560 мс,HTTP,Нет,2 минуты
91.226.97.159,80,Belize,,560 мс,HTTP,Нет,2 минуты
203.32.120.234,80,"Virgin Islands, British",,540 мс,HTTP,Нет,2 минуты
203.13.32.68,80,Cyprus,,360 мс,HTTP,Нет,2 минуты
203.24.103.248,80,"Virgin Islands, British",,360 мс,HTTP,Нет,2 минуты
172.67.27.61,80,United States,,200 мс,HTTP,Нет,2 минуты
172.67.218.192,80,United States,,400 мс,HTTP,Нет,2 минуты
185.238.228.235,80,Spain,,960 мс,HTTP,Нет,2 минуты
191.101.251.73,80,Netherlands,Rotterdam,740 мс,HTTP,Нет,2 минуты
172.67.188.1,80,United States,,480 мс,HTTP,Нет,2 минуты
172.67.181.110,80,United States,,680 мс,HTTP,Нет,2 минуты
172.67.181.212,80,United States,,240 мс,HTTP,Нет,2 минуты
172.67.73.5,80,United States,,80 мс,HTTP,Нет,2 минуты
172.67.187.100,80,United States,,260 мс,HTTP,Нет,2 минуты
172.67.153.17,80,United States,,240 мс,HTTP,Нет,2 минуты
172.67.180.20,80,United States,,480 мс,HTTP,Нет,2 минуты
172.67.176.10,80,United States,,480 мс,HTTP,Нет,2 минуты
172.67.176.26,80,United States,,360 мс,HTTP,Нет,2 минуты
172.67.176.224,80,United States,,260 мс,HTTP,Нет,2 минуты
172.67.177.7,80,United States,,340 мс,HTTP,Нет,2 минуты
203.23.104.233,80,Cyprus,,140 мс,HTTP,Нет,2 минуты
203.23.104.207,80,Cyprus,,20 мс,HTTP,Нет,2 минуты
203.23.103.98,80,Belize,,800 мс,HTTP,Нет,2 минуты
203.22.223.230,80,Cyprus,,820 мс,HTTP,Нет,2 минуты
45.14.174.193,80,Germany,,20 мс,HTTP,Нет,2 минуты
45.12.30.29,80,Romania,,160 мс,HTTP,Нет,2 минуты
203.24.109.1,80,Belize,,600 мс,HTTP,Нет,2 минуты
185.171.230.168,80,United Kingdom,,140 мс,HTTP,Нет,2 минуты
91.226.97.33,80,Belize,,140 мс,HTTP,Нет,2 минуты
203.24.109.176,80,Belize,,20 мс,HTTP,Нет,2 минуты
203.32.121.107,80,"Virgin Islands, British",,140 мс,HTTP,Нет,2 минуты
45.8.106.106,80,Curacao,,140 мс,HTTP,Нет,2 минуты
203.30.191.188,80,Belize,,20 мс,HTTP,Нет,2 минуты
185.171.230.229,80,United Kingdom,,600 мс,HTTP,Нет,2 минуты
203.32.121.8,80,"Virgin Islands, British",,20 мс,HTTP,Нет,2 минуты
203.30.189.87,80,Belize,,140 мс,HTTP,Нет,2 минуты
45.12.30.78,80,Romania,,780 мс,HTTP,Нет,2 минуты
185.162.228.53,80,Armenia,,20 мс,HTTP,Нет,2 минуты
203.28.9.209,80,Cyprus,,180 мс,HTTP,Нет,2 минуты
203.13.32.66,80,Cyprus,,20 мс,HTTP,Нет,2 минуты
203.24.109.2,80,Belize,,140 мс,HTTP,Нет,2 минуты
203.30.191.72,80,Belize,,20 мс,HTTP,Нет,2 минуты
203.30.190.199,80,Belize,,380 мс,HTTP,Нет,2 минуты
31.43.179.0,80,Kazakstan,,780 мс,HTTP,Нет,2 минуты
31.43.179.87,80,Kazakstan,,140 мс,HTTP,Нет,2 минуты
162.247.243.230,80,United States,,20 мс,HTTP,Нет,2 минуты
162.247.243.199,80,United States,,20 мс,HTTP,Нет,2 минуты
172.67.188.14,80,United States,,440 мс,HTTP,Нет,2 минуты
172.67.191.228,80,United States,,540 мс,HTTP,Нет,2 минуты
172.67.75.188,80,United States,,80 мс,HTTP,Нет,2 минуты
185.238.228.118,80,Spain,,20 мс,HTTP,Нет,2 минуты
162.247.243.50,80,United States,,20 мс,HTTP,Нет,2 минуты
172.67.22.240,80,United States,,200 мс,HTTP,Нет,2 минуты
103.21.244.9,80,United States,Ashburn,200 мс,HTTP,Нет,2 минуты
45.8.107.7,80,Curacao,,20 мс,HTTP,Нет,2 минуты
203.30.191.22,80,Belize,,40 мс,HTTP,Нет,2 минуты
203.32.120.10,80,"Virgin Islands, British",,400 мс,HTTP,Нет,2 минуты
185.162.228.42,80,Armenia,,20 мс,HTTP,Нет,2 минуты
203.23.106.63,80,Cyprus,,40 мс,HTTP,Нет,2 минуты
203.30.191.108,80,Belize,,400 мс,HTTP,Нет,2 минуты
203.24.102.222,80,"Virgin Islands, British",,400 мс,HTTP,Нет,2 минуты
45.12.31.227,80,Romania,,420 мс,HTTP,Нет,2 минуты
203.30.190.26,80,Belize,,200 мс,HTTP,Нет,2 минуты
203.13.32.102,80,Cyprus,,200 мс,HTTP,Нет,2 минуты
203.28.9.223,80,Cyprus,,20 мс,HTTP,Нет,2 минуты
45.8.104.115,80,Curacao,,400 мс,HTTP,Нет,2 минуты
45.12.30.80,80,Romania,,200 мс,HTTP,Нет,2 минуты
203.24.103.154,80,"Virgin Islands, British",,20 мс,HTTP,Нет,2 минуты
203.24.102.139,80,"Virgin Islands, British",,20 мс,HTTP,Нет,2 минуты
45.8.107.150,80,Curacao,,200 мс,HTTP,Нет,2 минуты
185.171.230.166,80,United Kingdom,,400 мс,HTTP,Нет,2 минуты
45.8.105.16,80,Curacao,,200 мс,HTTP,Нет,2 минуты
203.28.9.89,80,Cyprus,,20 мс,HTTP,Нет,2 минуты
185.171.230.214,80,United Kingdom,,40 мс,HTTP,Нет,2 минуты
203.23.103.210,80,Belize,,200 мс,HTTP,Нет,2 минуты
203.28.8.187,80,Cyprus,,20 мс,HTTP,Нет,2 минуты
185.162.229.246,80,Armenia,,200 мс,HTTP,Нет,2 минуты
203.30.191.109,80,Belize,,20 мс,HTTP,Нет,2 минуты
203.30.189.191,80,Belize,,200 мс,HTTP,Нет,2 минуты
203.23.106.38,80,Cyprus,,20 мс,HTTP,Нет,2 минуты
203.23.104.69,80,Cyprus,,20 мс,HTTP,Нет,2 минуты
203.23.104.49,80,Cyprus,,200 мс,HTTP,Нет,2 минуты
203.28.8.207,80,Cyprus,,20 мс,HTTP,Нет,2 минуты
172.67.171.224,80,United States,,180 мс,HTTP,Нет,2 минуты
172.67.170.24,80,United States,,180 мс,HTTP,Нет,2 минуты
185.238.228.7,80,Spain,,20 мс,HTTP,Нет,2 минуты
162.247.243.70,80,United States,,200 мс,HTTP,Нет,2 минуты
172.67.3.98,80,United States,,200 мс,HTTP,Нет,3 минуты
203.32.120.98,80,"Virgin Islands, British",,20 мс,HTTP,Нет,3 минуты
172.67.182.140,80,United States,,520 мс,HTTP,Нет,3 минуты
172.67.177.45,80,United States,,560 мс,HTTP,Нет,3 минуты
203.32.120.71,80,"Virgin Islands, British",,20 мс,HTTP,Нет,3 минуты
203.24.108.199,80,Cyprus,,20 мс,HTTP,Нет,3 минуты
91.226.97.249,80,Belize,,20 мс,HTTP,Нет,3 минуты
203.24.109.44,80,Belize,,20 мс,HTTP,Нет,3 минуты
173.245.49.38,80,France,Paris,340 мс,HTTP,Нет,3 минуты
173.245.49.42,80,France,Paris,540 мс,HTTP,Нет,3 минуты
203.23.103.127,80,Belize,,340 мс,HTTP,Нет,3 минуты
172.67.167.7,80,United States,,180 мс,HTTP,Нет,3 минуты
45.8.104.136,80,Curacao,,520 мс,HTTP,Нет,3 минуты
185.162.228.76,80,Armenia,,340 мс,HTTP,Нет,3 минуты
45.8.107.192,80,Curacao,,20 мс,HTTP,Нет,3 минуты
203.32.120.45,80,"Virgin Islands, British",,20 мс,HTTP,Нет,3 минуты
203.30.189.117,80,Belize,,20 мс,HTTP,Нет,3 минуты
45.14.174.72,80,Germany,,20 мс,HTTP,Нет,3 минуты
23.227.38.206,80,Canada,,140 мс,HTTP,Нет,3 минуты
203.13.32.138,80,Cyprus,,140 мс,HTTP,Нет,3 минуты
203.13.32.245,80,Cyprus,,340 мс,HTTP,Нет,3 минуты
203.24.102.151,80,"Virgin Islands, British",,540 мс,HTTP,Нет,3 минуты
45.8.104.227,80,Curacao,,140 мс,HTTP,Нет,3 минуты
23.227.38.244,80,Canada,,20 мс,HTTP,Нет,3 минуты
45.8.105.65,80,Curacao,,160 мс,HTTP,Нет,3 минуты
185.171.231.176,80,United Kingdom,,340 мс,HTTP,Нет,3 минуты
203.22.223.56,80,Cyprus,,20 мс,HTTP,Нет,3 минуты
185.162.229.12,80,Armenia,,20 мс,HTTP,Нет,3 минуты
173.245.49.62,80,France,Paris,340 мс,HTTP,Нет,3 минуты
203.24.103.212,80,"Virgin Islands, British",,20 мс,HTTP,Нет,3 минуты
203.22.223.38,80,Cyprus,,320 мс,HTTP,Нет,3 минуты
203.30.189.161,80,Belize,,20 мс,HTTP,Нет,3 минуты
185.171.230.33,80,United Kingdom,,20 мс,HTTP,Нет,3 минуты
203.28.9.14,80,Cyprus,,140 мс,HTTP,Нет,3 минуты
91.226.97.187,80,Belize,,140 мс,HTTP,Нет,3 минуты
203.28.8.181,80,Cyprus,,520 мс,HTTP,Нет,3 минуты
203.24.109.214,80,Belize,,740 мс,HTTP,Нет,3 минуты
185.162.229.49,80,Armenia,,140 мс,HTTP,Нет,3 минуты
185.162.231.27,80,Armenia,,320 мс,HTTP,Нет,3 минуты
203.34.28.176,80,"Virgin Islands, British",,320 мс,HTTP,Нет,3 минуты
45.12.30.210,80,Romania,,140 мс,HTTP,Нет,3 минуты
185.171.231.81,80,United Kingdom,,20 мс,HTTP,Нет,3 минуты
172.67.74.161,80,United States,,80 мс,HTTP,Нет,3 минуты
31.43.179.21,80,Kazakstan,,520 мс,HTTP,Нет,3 минуты
172.67.170.3,80,United States,,220 мс,HTTP,Нет,3 минуты
172.67.179.203,80,United States,,240 мс,HTTP,Нет,3 минуты
172.67.192.33,80,United States,,120 мс,HTTP,Нет,3 минуты
162.247.243.116,80,United States,,20 мс,HTTP,Нет,3 минуты
141.193.213.60,80,United States,,140 мс,HTTP,Нет,3 минуты
203.30.191.215,80,Belize,,1040 мс,HTTP,Нет,3 минуты
203.28.8.109,80,Cyprus,,540 мс,HTTP,Нет,3 минуты
203.24.109.128,80,Belize,,340 мс,HTTP,Нет,3 минуты
141.101.115.26,80,,,400 мс,HTTP,Нет,3 минуты
172.67.34.6,80,United States,,200 мс,HTTP,Нет,3 минуты
172.67.167.24,80,United States,,180 мс,HTTP,Нет,3 минуты
172.67.167.220,80,United States,,180 мс,HTTP,Нет,3 минуты
172.67.177.169,80,United States,,260 мс,HTTP,Нет,3 минуты
203.30.188.211,80,Belize,,40 мс,HTTP,Нет,3 минуты
203.30.189.28,80,Belize,,620 мс,HTTP,Нет,3 минуты
203.23.103.141,80,Belize,,600 мс,HTTP,Нет,3 минуты
185.162.230.10,80,Armenia,,400 мс,HTTP,Нет,3 минуты
203.13.32.202,80,Cyprus,,400 мс,HTTP,Нет,3 минуты
203.24.108.75,80,Cyprus,,800 мс,HTTP,Нет,3 минуты
203.30.189.120,80,Belize,,600 мс,HTTP,Нет,3 минуты
45.12.30.48,80,Romania,,620 мс,HTTP,Нет,3 минуты
45.8.106.148,80,Curacao,,600 мс,HTTP,Нет,3 минуты
203.32.121.49,80,"Virgin Islands, British",,400 мс,HTTP,Нет,3 минуты
203.32.120.240,80,"Virgin Islands, British",,420 мс,HTTP,Нет,3 минуты
203.34.28.227,80,"Virgin Islands, British",,400 мс,HTTP,Нет,3 минуты
191.101.251.53,80,Netherlands,Rotterdam,400 мс,HTTP,Нет,3 минуты
130.61.182.223,80,Germany,Frankfurt am Main,480 мс,HTTP,Средняя,3 минуты
141.193.213.20,80,United States,,20 мс,HTTP,Нет,3 минуты
172.67.70.93,80,United States,,80 мс,HTTP,Нет,3 минуты
203.23.106.154,80,Cyprus,,20 мс,HTTP,Нет,3 минуты
203.30.189.67,80,Belize,,20 мс,HTTP,Нет,3 минуты
203.34.28.166,80,"Virgin Islands, British",,20 мс,HTTP,Нет,3 минуты
91.226.97.197,80,Belize,,20 мс,HTTP,Нет,3 минуты
185.162.231.14,80,Armenia,,20 мс,HTTP,Нет,3 минуты
203.23.103.115,80,Belize,,20 мс,HTTP,Нет,3 минуты
23.227.38.103,80,Canada,,220 мс,HTTP,Нет,3 минуты
203.23.103.187,80,Belize,,200 мс,HTTP,Нет,3 минуты
203.30.188.90,80,Belize,,20 мс,HTTP,Нет,3 минуты
45.8.104.126,80,Curacao,,20 мс,HTTP,Нет,3 минуты
203.24.103.128,80,"Virgin Islands, British",,40 мс,HTTP,Нет,3 минуты
203.28.8.211,80,Cyprus,,200 мс,HTTP,Нет,3 минуты
203.24.109.149,80,Belize,,20 мс,HTTP,Нет,3 минуты
203.32.120.75,80,"Virgin Islands, British",,220 мс,HTTP,Нет,3 минуты
45.14.174.227,80,Germany,,40 мс,HTTP,Нет,3 минуты
203.24.108.74,80,Cyprus,,200 мс,HTTP,Нет,3 минуты
185.171.231.193,80,United Kingdom,,220 мс,HTTP,Нет,3 минуты
45.12.30.167,80,Romania,,20 мс,HTTP,Нет,3 минуты
45.8.106.56,80,Curacao,,200 мс,HTTP,Нет,3 минуты
185.162.230.96,80,Armenia,,20 мс,HTTP,Нет,3 минуты
45.12.30.138,80,Romania,,240 мс,HTTP,Нет,3 минуты
203.24.102.60,80,"Virgin Islands, British",,220 мс,HTTP,Нет,3 минуты
203.22.223.31,80,Cyprus,,200 мс,HTTP,Нет,3 минуты
91.226.97.190,80,Belize,,220 мс,HTTP,Нет,3 минуты
203.30.189.214,80,Belize,,20 мс,HTTP,Нет,3 минуты
172.67.181.33,80,United States,,540 мс,HTTP,Нет,5 минут
172.67.182.141,80,United States,,240 мс,HTTP,Нет,5 минут
172.67.162.127,80,United States,,180 мс,HTTP,Нет,5 минут
172.67.11.166,80,United States,,200 мс,HTTP,Нет,5 минут
172.67.3.142,80,United States,,200 мс,HTTP,Нет,5 минут
203.24.109.187,80,Belize,,540 мс,HTTP,Нет,5 минут
172.67.177.223,80,United States,,260 мс,HTTP,Нет,5 минут
45.12.30.51,80,Romania,,20 мс,HTTP,Нет,5 минут
203.24.108.127,80,Cyprus,,740 мс,HTTP,Нет,5 минут
45.14.174.105,80,Germany,,340 мс,HTTP,Нет,5 минут
203.24.102.101,80,"Virgin Islands, British",,340 мс,HTTP,Нет,5 минут
203.23.106.137,80,Cyprus,,340 мс,HTTP,Нет,5 минут
45.14.174.32,80,Germany,,740 мс,HTTP,Нет,5 минут
185.162.231.30,80,Armenia,,540 мс,HTTP,Нет,5 минут
203.23.106.80,80,Cyprus,,340 мс,HTTP,Нет,5 минут
45.12.31.208,80,Romania,,540 мс,HTTP,Нет,5 минут
203.24.108.10,80,Cyprus,,340 мс,HTTP,Нет,5 минут
203.32.121.114,80,"Virgin Islands, British",,340 мс,HTTP,Нет,5 минут
203.24.108.218,80,Cyprus,,740 мс,HTTP,Нет,5 минут
172.67.179.208,80,United States,,560 мс,HTTP,Нет,5 минут
172.67.33.197,80,United States,,260 мс,HTTP,Нет,5 минут
172.67.240.170,80,United States,,240 мс,HTTP,Нет,5 минут
103.160.204.104,80,Hong Kong,,340 мс,HTTP,Нет,5 минут
172.64.200.2,80,United States,,940 мс,HTTP,Нет,5 минут
172.67.181.178,80,United States,,220 мс,HTTP,Нет,5 минут
172.67.214.105,80,United States,,600 мс,HTTP,Нет,5 минут
185.171.230.123,80,United Kingdom,,580 мс,HTTP,Нет,5 минут
185.162.231.4,80,Armenia,,20 мс,HTTP,Нет,5 минут
203.34.28.1,80,"Virgin Islands, British",,140 мс,HTTP,Нет,5 минут
185.171.230.121,80,United Kingdom,,780 мс,HTTP,Нет,5 минут
185.171.230.204,80,United Kingdom,,140 мс,HTTP,Нет,5 минут
203.28.9.129,80,Cyprus,,140 мс,HTTP,Нет,5 минут
203.28.8.235,80,Cyprus,,140 мс,HTTP,Нет,5 минут
185.162.228.131,80,Armenia,,20 мс,HTTP,Нет,5 минут
203.22.223.64,80,Cyprus,,20 мс,HTTP,Нет,5 минут
185.171.231.192,80,United Kingdom,,20 мс,HTTP,Нет,5 минут
203.13.32.219,80,Cyprus,,140 мс,HTTP,Нет,5 минут
203.30.191.6,80,Belize,,140 мс,HTTP,Нет,5 минут
45.8.106.46,80,Curacao,,140 мс,HTTP,Нет,5 минут
203.30.190.174,80,Belize,,20 мс,HTTP,Нет,5 минут
203.23.106.62,80,Cyprus,,20 мс,HTTP,Нет,5 минут
203.23.103.248,80,Belize,,20 мс,HTTP,Нет,5 минут
203.28.9.11,80,Cyprus,,20 мс,HTTP,Нет,5 минут
45.8.107.50,80,Curacao,,740 мс,HTTP,Нет,5 минут
185.162.229.33,80,Armenia,,140 мс,HTTP,Нет,5 минут
45.14.174.192,80,Germany,,140 мс,HTTP,Нет,5 минут
45.8.105.29,80,Curacao,,140 мс,HTTP,Нет,5 минут
45.8.106.83,80,Curacao,,20 мс,HTTP,Нет,5 минут
203.23.106.131,80,Cyprus,,20 мс,HTTP,Нет,5 минут
203.30.190.29,80,Belize,,140 мс,HTTP,Нет,5 минут
203.32.120.157,80,"Virgin Islands, British",,740 мс,HTTP,Нет,5 минут
45.14.174.9,80,Germany,,580 мс,HTTP,Нет,5 минут
23.227.38.89,80,Canada,,140 мс,HTTP,Нет,5 минут
203.30.188.101,80,Belize,,140 мс,HTTP,Нет,5 минут
162.247.243.216,80,United States,,140 мс,HTTP,Нет,5 минут
172.67.43.97,80,United States,,380 мс,HTTP,Нет,5 минут
185.238.228.80,80,Spain,,140 мс,HTTP,Нет,5 минут
162.247.243.204,80,United States,,560 мс,HTTP,Нет,5 минут
172.64.199.2,80,United States,,140 мс,HTTP,Нет,5 минут
172.64.132.2,80,United States,,20 мс,HTTP,Нет,5 минут
172.67.182.76,80,United States,,240 мс,HTTP,Нет,5 минут
172.67.254.142,80,United States,,240 мс,HTTP,Нет,5 минут
172.67.3.84,80,United States,,200 мс,HTTP,Нет,5 минут
172.67.167.6,80,United States,,180 мс,HTTP,Нет,5 минут
45.14.174.116,80,Germany,,20 мс,HTTP,Нет,5 минут
203.28.9.118,80,Cyprus,,360 мс,HTTP,Нет,5 минут
45.8.104.152,80,Curacao,,20 мс,HTTP,Нет,5 минут
203.23.104.84,80,Cyprus,,360 мс,HTTP,Нет,5 минут
45.12.30.75,80,Romania,,560 мс,HTTP,Нет,5 минут
185.171.231.142,80,United Kingdom,,360 мс,HTTP,Нет,5 минут
185.171.230.213,80,United Kingdom,,360 мс,HTTP,Нет,5 минут
23.227.38.221,80,Canada,,20 мс,HTTP,Нет,5 минут
203.32.120.184,80,"Virgin Islands, British",,960 мс,HTTP,Нет,5 минут
45.8.107.197,80,Curacao,,20 мс,HTTP,Нет,5 минут
45.8.106.214,80,Curacao,,360 мс,HTTP,Нет,5 минут
185.162.228.19,80,Armenia,,760 мс,HTTP,Нет,5 минут
203.23.103.219,80,Belize,,360 мс,HTTP,Нет,5 минут
185.162.231.119,80,Armenia,,160 мс,HTTP,Нет,5 минут
203.13.32.180,80,Cyprus,,20 мс,HTTP,Нет,5 минут
185.171.231.248,80,United Kingdom,,180 мс,HTTP,Нет,5 минут
185.162.231.237,80,Armenia,,360 мс,HTTP,Нет,5 минут
45.8.105.9,80,Curacao,,560 мс,HTTP,Нет,5 минут
45.8.106.132,80,Curacao,,360 мс,HTTP,Нет,5 минут
203.23.104.159,80,Cyprus,,20 мс,HTTP,Нет,5 минут
31.43.179.183,80,Kazakstan,,20 мс,HTTP,Нет,5 минут
143.47.177.138,80,Netherlands,Amsterdam,500 мс,HTTP,Средняя,5 минут
162.247.243.153,80,United States,,560 мс,HTTP,Нет,5 минут
31.43.179.212,80,Kazakstan,,360 мс,HTTP,Нет,5 минут
191.101.251.30,80,Netherlands,Rotterdam,20 мс,HTTP,Нет,5 минут
23.227.38.14,80,Canada,,160 мс,HTTP,Нет,5 минут
23.227.38.232,80,Canada,,20 мс,HTTP,Нет,5 минут
203.34.28.132,80,"Virgin Islands, British",,160 мс,HTTP,Нет,5 минут
203.23.103.20,80,Belize,,20 мс,HTTP,Нет,5 минут
203.28.9.92,80,Cyprus,,20 мс,HTTP,Нет,5 минут
45.12.30.122,80,Romania,,160 мс,HTTP,Нет,5 минут
203.30.189.255,80,Belize,,20 мс,HTTP,Нет,5 минут
185.162.228.133,80,Armenia,,20 мс,HTTP,Нет,5 минут
185.171.231.222,80,United Kingdom,,20 мс,HTTP,Нет,5 минут
203.24.102.150,80,"Virgin Islands, British",,20 мс,HTTP,Нет,5 минут
191.101.251.111,80,Netherlands,Rotterdam,160 мс,HTTP,Нет,5 минут
172.67.182.78,80,United States,,500 мс,HTTP,Нет,7 минут
172.67.70.172,80,United States,,80 мс,HTTP,Нет,7 минут
172.67.180.31,80,United States,,580 мс,HTTP,Нет,7 минут
185.171.230.58,80,United Kingdom,,520 мс,HTTP,Нет,7 минут
172.67.167.73,80,United States,,120 мс,HTTP,Нет,7 минут
203.23.106.222,80,Cyprus,,320 мс,HTTP,Нет,7 минут
203.24.102.110,80,"Virgin Islands, British",,120 мс,HTTP,Нет,7 минут
203.32.121.102,80,"Virgin Islands, British",,220 мс,HTTP,Нет,7 минут
203.24.102.236,80,"Virgin Islands, British",,520 мс,HTTP,Нет,7 минут
203.28.8.146,80,Cyprus,,220 мс,HTTP,Нет,7 минут
45.8.104.183,80,Curacao,,740 мс,HTTP,Нет,7 минут
203.23.106.186,80,Cyprus,,620 мс,HTTP,Нет,7 минут
45.8.105.25,80,Curacao,,520 мс,HTTP,Нет,7 минут
203.30.191.24,80,Belize,,320 мс,HTTP,Нет,7 минут
203.30.191.132,80,Belize,,940 мс,HTTP,Нет,7 минут
45.12.30.116,80,Romania,,300 мс,HTTP,Нет,7 минут
203.30.188.182,80,Belize,,420 мс,HTTP,Нет,7 минут
203.30.191.209,80,Belize,,220 мс,HTTP,Нет,7 минут
185.171.230.96,80,United Kingdom,,320 мс,HTTP,Нет,7 минут
203.30.189.226,80,Belize,,120 мс,HTTP,Нет,7 минут
203.30.189.22,80,Belize,,220 мс,HTTP,Нет,7 минут
203.24.103.125,80,"Virgin Islands, British",,220 мс,HTTP,Нет,7 минут
203.32.120.231,80,"Virgin Islands, British",,420 мс,HTTP,Нет,7 минут
185.171.231.82,80,United Kingdom,,520 мс,HTTP,Нет,7 минут
45.8.106.102,80,Curacao,,120 мс,HTTP,Нет,7 минут
203.28.9.220,80,Cyprus,,120 мс,HTTP,Нет,7 минут
162.247.243.133,80,United States,,220 мс,HTTP,Нет,7 минут
191.101.251.103,80,Netherlands,Rotterdam,320 мс,HTTP,Нет,7 минут
191.101.251.223,80,Netherlands,Rotterdam,740 мс,HTTP,Нет,7 минут
172.67.188.16,80,United States,,180 мс,HTTP,Нет,7 минут
172.67.182.103,80,United States,,560 мс,HTTP,Нет,7 минут
23.227.38.16,80,Canada,,20 мс,HTTP,Нет,7 минут
172.64.141.12,80,United States,,660 мс,HTTP,Нет,7 минут
172.67.176.19,80,United States,,420 мс,HTTP,Нет,7 минут
203.30.190.148,80,Belize,,20 мс,HTTP,Нет,7 минут
203.30.190.154,80,Belize,,20 мс,HTTP,Нет,7 минут
203.23.106.96,80,Cyprus,,20 мс,HTTP,Нет,7 минут
45.8.105.196,80,Curacao,,20 мс,HTTP,Нет,7 минут
203.23.104.164,80,Cyprus,,20 мс,HTTP,Нет,7 минут
203.22.223.21,80,Cyprus,,20 мс,HTTP,Нет,7 минут
45.8.105.158,80,Curacao,,20 мс,HTTP,Нет,7 минут
45.12.31.252,80,Romania,,20 мс,HTTP,Нет,7 минут
203.24.108.111,80,Cyprus,,20 мс,HTTP,Нет,7 минут
191.101.251.149,80,Netherlands,Rotterdam,20 мс,HTTP,Нет,7 минут
172.67.191.250,80,United States,,620 мс,HTTP,Нет,7 минут
172.67.0.14,80,United States,,200 мс,HTTP,Нет,7 минут
203.28.9.200,80,Cyprus,,60 мс,HTTP,Нет,7 минут
203.30.188.95,80,Belize,,360 мс,HTTP,Нет,7 минут
203.28.9.214,80,Cyprus,,360 мс,HTTP,Нет,7 минут
172.67.177.57,80,United States,,200 мс,HTTP,Нет,7 минут
45.8.105.179,80,Curacao,,160 мс,HTTP,Нет,7 минут
45.8.106.131,80,Curacao,,20 мс,HTTP,Нет,7 минут
203.23.103.221,80,Belize,,20 мс,HTTP,Нет,7 минут
203.23.103.164,80,Belize,,460 мс,HTTP,Нет,7 минут
203.34.28.75,80,"Virgin Islands, British",,560 мс,HTTP,Нет,7 минут
45.12.30.209,80,Romania,,160 мс,HTTP,Нет,7 минут
203.28.9.192,80,Cyprus,,360 мс,HTTP,Нет,7 минут
185.171.231.63,80,United Kingdom,,260 мс,HTTP,Нет,7 минут
203.23.106.217,80,Cyprus,,160 мс,HTTP,Нет,7 минут
23.227.38.205,80,Canada,,40 мс,HTTP,Нет,7 минут
203.28.8.205,80,Cyprus,,20 мс,HTTP,Нет,7 минут
45.12.31.226,80,Romania,,20 мс,HTTP,Нет,7 минут
203.30.189.238,80,Belize,,20 мс,HTTP,Нет,7 минут
185.171.231.118,80,United Kingdom,,160 мс,HTTP,Нет,7 минут
203.30.188.66,80,Belize,,160 мс,HTTP,Нет,7 минут
185.162.230.177,80,Armenia,,20 мс,HTTP,Нет,7 минут
203.22.223.33,80,Cyprus,,160 мс,HTTP,Нет,7 минут
91.226.97.202,80,Belize,,20 мс,HTTP,Нет,7 минут
203.30.190.103,80,Belize,,160 мс,HTTP,Нет,7 минут
203.30.190.250,80,Belize,,160 мс,HTTP,Нет,7 минут
203.32.120.60,80,"Virgin Islands, British",,40 мс,HTTP,Нет,7 минут
185.171.230.255,80,United Kingdom,,160 мс,HTTP,Нет,7 минут
45.8.106.168,80,Curacao,,20 мс,HTTP,Нет,7 минут
45.8.105.194,80,Curacao,,160 мс,HTTP,Нет,7 минут
203.28.8.5,80,Cyprus,,20 мс,HTTP,Нет,7 минут
185.238.228.129,80,Spain,,360 мс,HTTP,Нет,7 минут
191.101.251.89,80,Netherlands,Rotterdam,20 мс,HTTP,Нет,7 минут
172.67.75.170,80,United States,,80 мс,HTTP,Нет,7 минут
188.114.96.254,80,Netherlands,Amsterdam,20 мс,HTTP,Нет,7 минут
172.67.181.202,80,United States,,260 мс,HTTP,Нет,7 минут
172.67.176.216,80,United States,,240 мс,HTTP,Нет,7 минут
203.28.8.53,80,Cyprus,,140 мс,HTTP,Нет,7 минут
185.162.228.90,80,Armenia,,140 мс,HTTP,Нет,7 минут
185.162.228.186,80,Armenia,,340 мс,HTTP,Нет,7 минут
203.24.108.61,80,Cyprus,,340 мс,HTTP,Нет,7 минут
45.8.105.213,80,Curacao,,20 мс,HTTP,Нет,7 минут
203.30.188.180,80,Belize,,540 мс,HTTP,Нет,7 минут
203.23.104.169,80,Cyprus,,20 мс,HTTP,Нет,7 минут
203.24.103.78,80,"Virgin Islands, British",,20 мс,HTTP,Нет,7 минут
185.162.231.146,80,Armenia,,340 мс,HTTP,Нет,7 минут
203.30.188.203,80,Belize,,140 мс,HTTP,Нет,7 минут
203.30.189.157,80,Belize,,240 мс,HTTP,Нет,7 минут
23.227.38.194,80,Canada,,20 мс,HTTP,Нет,7 минут
45.12.30.64,80,Romania,,20 мс,HTTP,Нет,7 минут
203.23.106.20,80,Cyprus,,40 мс,HTTP,Нет,7 минут
203.30.190.253,80,Belize,,140 мс,HTTP,Нет,7 минут
45.8.107.229,80,Curacao,,20 мс,HTTP,Нет,7 минут
185.171.230.88,80,United Kingdom,,140 мс,HTTP,Нет,7 минут
45.8.105.177,80,Curacao,,340 мс,HTTP,Нет,7 минут
172.67.194.134,80,United States,,200 мс,HTTP,Нет,7 минут
203.22.223.75,80,Cyprus,,20 мс,HTTP,Нет,7 минут
131.72.68.80,40033,Brazil,Nossa Senhora do Socorro,5100 мс,HTTP,Нет,8 минут
173.245.49.8,80,France,Paris,700 мс,HTTP,Нет,9 минут
173.245.49.46,80,France,Paris,120 мс,HTTP,Нет,9 минут
203.24.108.24,80,Cyprus,,420 мс,HTTP,Нет,9 минут
203.34.28.236,80,"Virgin Islands, British",,120 мс,HTTP,Нет,9 минут
45.8.104.60,80,Curacao,,220 мс,HTTP,Нет,9 минут
203.30.191.200,80,Belize,,20 мс,HTTP,Нет,9 минут
203.28.9.127,80,Cyprus,,20 мс,HTTP,Нет,9 минут
203.23.104.111,80,Cyprus,,120 мс,HTTP,Нет,9 минут
203.24.102.67,80,"Virgin Islands, British",,140 мс,HTTP,Нет,9 минут
203.30.189.179,80,Belize,,900 мс,HTTP,Нет,9 минут
185.162.230.35,80,Armenia,,20 мс,HTTP,Нет,9 минут
203.22.223.195,80,Cyprus,,20 мс,HTTP,Нет,9 минут
203.24.109.52,80,Belize,,20 мс,HTTP,Нет,9 минут
203.30.188.157,80,Belize,,120 мс,HTTP,Нет,9 минут
45.12.30.100,80,Romania,,20 мс,HTTP,Нет,9 минут
185.171.231.35,80,United Kingdom,,120 мс,HTTP,Нет,9 минут
203.30.189.30,80,Belize,,20 мс,HTTP,Нет,9 минут
203.32.120.38,80,"Virgin Islands, British",,20 мс,HTTP,Нет,9 минут
203.30.189.155,80,Belize,,120 мс,HTTP,Нет,9 минут
203.24.108.138,80,Cyprus,,20 мс,HTTP,Нет,9 минут
45.8.104.228,80,Curacao,,40 мс,HTTP,Нет,9 минут
203.34.28.216,80,"Virgin Islands, British",,20 мс,HTTP,Нет,9 минут
45.14.174.221,80,Germany,,20 мс,HTTP,Нет,9 минут
141.193.213.18,80,United States,,220 мс,HTTP,Нет,9 минут
172.67.0.35,80,United States,,440 мс,HTTP,Нет,9 минут
172.67.188.6,80,United States,,520 мс,HTTP,Нет,9 минут
172.67.191.227,80,United States,,180 мс,HTTP,Нет,9 минут
185.238.228.179,80,Spain,,20 мс,HTTP,Нет,9 минут
172.67.181.190,80,United States,,340 мс,HTTP,Нет,9 минут
141.101.122.238,80,,,180 мс,HTTP,Нет,9 минут
172.67.254.163,80,United States,,240 мс,HTTP,Нет,9 минут
172.67.70.116,80,United States,,80 мс,HTTP,Нет,9 минут
172.67.3.93,80,United States,,200 мс,HTTP,Нет,9 минут
172.67.167.46,80,United States,,460 мс,HTTP,Нет,9 минут
203.24.103.51,80,"Virgin Islands, British",,180 мс,HTTP,Нет,9 минут
203.24.103.216,80,"Virgin Islands, British",,180 мс,HTTP,Нет,9 минут
45.8.107.251,80,Curacao,,180 мс,HTTP,Нет,9 минут
45.12.31.110,80,Romania,,600 мс,HTTP,Нет,9 минут
203.28.8.58,80,Cyprus,,180 мс,HTTP,Нет,9 минут
203.24.102.32,80,"Virgin Islands, British",,780 мс,HTTP,Нет,9 минут
31.43.179.125,80,Kazakstan,,180 мс,HTTP,Нет,9 минут
191.101.251.3,80,Netherlands,Rotterdam,580 мс,HTTP,Нет,9 минут
172.67.43.147,80,United States,,320 мс,HTTP,Нет,9 минут
191.101.251.122,80,Netherlands,Rotterdam,280 мс,HTTP,Нет,9 минут
172.67.254.135,80,United States,,600 мс,HTTP,Нет,9 минут
203.23.104.143,80,Cyprus,,20 мс,HTTP,Нет,9 минут
203.23.103.99,80,Belize,,20 мс,HTTP,Нет,9 минут
203.24.109.135,80,Belize,,20 мс,HTTP,Нет,9 минут
203.22.223.52,80,Cyprus,,20 мс,HTTP,Нет,9 минут
203.13.32.206,80,Cyprus,,180 мс,HTTP,Нет,9 минут
185.171.230.2,80,United Kingdom,,20 мс,HTTP,Нет,9 минут
185.162.230.226,80,Armenia,,980 мс,HTTP,Нет,9 минут
185.171.231.5,80,United Kingdom,,20 мс,HTTP,Нет,9 минут
203.30.190.37,80,Belize,,20 мс,HTTP,Нет,9 минут
185.162.229.120,80,Armenia,,40 мс,HTTP,Нет,9 минут
45.8.104.14,80,Curacao,,980 мс,HTTP,Нет,9 минут
23.227.38.33,80,Canada,,20 мс,HTTP,Нет,9 минут
203.23.103.50,80,Belize,,20 мс,HTTP,Нет,9 минут
185.171.230.156,80,United Kingdom,,380 мс,HTTP,Нет,9 минут
31.43.179.165,80,Kazakstan,,20 мс,HTTP,Нет,9 минут
31.43.179.56,80,Kazakstan,,20 мс,HTTP,Нет,9 минут
172.67.43.209,80,United States,,160 мс,HTTP,Нет,9 минут
185.238.228.228,80,Spain,,20 мс,HTTP,Нет,9 минут
141.193.213.11,80,United States,,360 мс,HTTP,Нет,9 минут
172.67.185.187,80,United States,,280 мс,HTTP,Нет,9 минут
172.67.192.56,80,United States,,120 мс,HTTP,Нет,9 минут
141.193.213.8,80,United States,,180 мс,HTTP,Нет,9 минут
172.67.177.123,80,United States,,580 мс,HTTP,Нет,9 минут
203.23.104.29,80,Cyprus,,160 мс,HTTP,Нет,9 минут
172.67.3.112,80,United States,,200 мс,HTTP,Нет,9 минут
45.14.174.224,80,Germany,,20 мс,HTTP,Нет,9 минут
172.67.167.33,80,United States,,180 мс,HTTP,Нет,9 минут
185.162.231.239,80,Armenia,,160 мс,HTTP,Нет,9 минут
185.162.231.3,80,Armenia,,20 мс,HTTP,Нет,9 минут
45.8.105.148,80,Curacao,,20 мс,HTTP,Нет,9 минут
45.8.105.159,80,Curacao,,360 мс,HTTP,Нет,9 минут
91.226.97.58,80,Belize,,20 мс,HTTP,Нет,9 минут
185.162.228.219,80,Armenia,,160 мс,HTTP,Нет,9 минут
203.24.103.3,80,"Virgin Islands, British",,20 мс,HTTP,Нет,9 минут
45.8.104.243,80,Curacao,,160 мс,HTTP,Нет,9 минут
45.14.174.198,80,Germany,,20 мс,HTTP,Нет,9 минут
45.8.104.78,80,Curacao,,360 мс,HTTP,Нет,9 минут
203.24.108.98,80,Cyprus,,360 мс,HTTP,Нет,9 минут
203.23.104.85,80,Cyprus,,20 мс,HTTP,Нет,9 минут
203.13.32.151,80,Cyprus,,560 мс,HTTP,Нет,9 минут
203.30.190.170,80,Belize,,160 мс,HTTP,Нет,9 минут
91.226.97.30,80,Belize,,360 мс,HTTP,Нет,9 минут
203.23.103.83,80,Belize,,560 мс,HTTP,Нет,9 минут
203.28.9.112,80,Cyprus,,20 мс,HTTP,Нет,9 минут
203.30.188.91,80,Belize,,560 мс,HTTP,Нет,9 минут
203.28.9.159,80,Cyprus,,760 мс,HTTP,Нет,9 минут
203.32.121.197,80,"Virgin Islands, British",,160 мс,HTTP,Нет,9 минут
23.227.38.84,80,Canada,,20 мс,HTTP,Нет,9 минут
203.30.189.217,80,Belize,,20 мс,HTTP,Нет,9 минут
203.24.103.20,80,"Virgin Islands, British",,160 мс,HTTP,Нет,9 минут
203.22.223.6,80,Cyprus,,40 мс,HTTP,Нет,9 минут
203.30.191.122,80,Belize,,360 мс,HTTP,Нет,9 минут
203.34.28.17,80,"Virgin Islands, British",,20 мс,HTTP,Нет,9 минут
203.32.121.147,80,"Virgin Islands, British",,20 мс,HTTP,Нет,9 минут
185.171.231.211,80,United Kingdom,,160 мс,HTTP,Нет,9 минут
185.162.229.237,80,Armenia,,160 мс,HTTP,Нет,9 минут
31.43.179.140,80,Kazakstan,,160 мс,HTTP,Нет,9 минут
172.67.172.165,80,United States,,180 мс,HTTP,Нет,9 минут
172.67.43.166,80,United States,,180 мс,HTTP,Нет,9 минут
185.162.231.5,80,Armenia,,40 мс,HTTP,Нет,9 минут
185.162.231.25,80,Armenia,,20 мс,HTTP,Нет,9 минут
31.43.179.31,80,Kazakstan,,160 мс,HTTP,Нет,9 минут
172.67.159.96,80,United States,,300 мс,HTTP,Нет,9 минут
203.23.103.70,80,Belize,,720 мс,HTTP,Нет,10 минут
45.12.31.148,80,Romania,,920 мс,HTTP,Нет,10 минут
45.12.30.37,80,Romania,,920 мс,HTTP,Нет,10 минут
45.12.31.196,80,Romania,,720 мс,HTTP,Нет,10 минут
203.32.120.103,80,"Virgin Islands, British",,720 мс,HTTP,Нет,10 минут
185.162.228.3,80,Armenia,,720 мс,HTTP,Нет,10 минут
203.32.120.155,80,"Virgin Islands, British",,20 мс,HTTP,Нет,10 минут
172.67.70.6,80,United States,,460 мс,HTTP,Нет,10 минут
203.32.121.178,80,"Virgin Islands, British",,120 мс,HTTP,Нет,10 минут
203.28.9.16,80,Cyprus,,20 мс,HTTP,Нет,10 минут
172.67.177.8,80,United States,,220 мс,HTTP,Нет,10 минут
185.162.231.107,80,Armenia,,120 мс,HTTP,Нет,10 минут
203.24.102.18,80,"Virgin Islands, British",,20 мс,HTTP,Нет,10 минут
185.171.230.56,80,United Kingdom,,520 мс,HTTP,Нет,10 минут
203.30.191.96,80,Belize,,20 мс,HTTP,Нет,10 минут
185.171.230.71,80,United Kingdom,,120 мс,HTTP,Нет,10 минут
185.162.231.28,80,Armenia,,520 мс,HTTP,Нет,10 минут
203.28.9.178,80,Cyprus,,20 мс,HTTP,Нет,10 минут
45.8.106.231,80,Curacao,,520 мс,HTTP,Нет,10 минут
185.171.231.41,80,United Kingdom,,120 мс,HTTP,Нет,10 минут
203.30.188.235,80,Belize,,120 мс,HTTP,Нет,10 минут
45.8.104.10,80,Curacao,,340 мс,HTTP,Нет,10 минут
23.227.38.170,80,Canada,,940 мс,HTTP,Нет,10 минут
203.32.120.129,80,"Virgin Islands, British",,320 мс,HTTP,Нет,10 минут
45.8.106.152,80,Curacao,,420 мс,HTTP,Нет,10 минут
45.8.106.191,80,Curacao,,320 мс,HTTP,Нет,10 минут
45.12.31.238,80,Romania,,20 мс,HTTP,Нет,10 минут
203.32.120.3,80,"Virgin Islands, British",,320 мс,HTTP,Нет,10 минут
45.8.105.110,80,Curacao,,20 мс,HTTP,Нет,10 минут
203.32.120.20,80,"Virgin Islands, British",,120 мс,HTTP,Нет,10 минут
203.24.103.83,80,"Virgin Islands, British",,340 мс,HTTP,Нет,10 минут
203.30.188.125,80,Belize,,120 мс,HTTP,Нет,10 минут
203.30.191.82,80,Belize,,220 мс,HTTP,Нет,10 минут
45.12.31.153,80,Romania,,320 мс,HTTP,Нет,10 минут
185.162.228.178,80,Armenia,,220 мс,HTTP,Нет,10 минут
203.24.108.89,80,Cyprus,,740 мс,HTTP,Нет,10 минут
185.162.228.174,80,Armenia,,520 мс,HTTP,Нет,10 минут
45.8.104.249,80,Curacao,,20 мс,HTTP,Нет,10 минут
203.30.190.128,80,Belize,,20 мс,HTTP,Нет,10 минут
203.24.109.30,80,Belize,,320 мс,HTTP,Нет,10 минут
45.12.31.199,80,Romania,,740 мс,HTTP,Нет,10 минут
45.8.107.42,80,Curacao,,320 мс,HTTP,Нет,10 минут
203.22.223.26,80,Cyprus,,520 мс,HTTP,Нет,10 минут
203.28.9.160,80,Cyprus,,120 мс,HTTP,Нет,10 минут
203.30.189.105,80,Belize,,20 мс,HTTP,Нет,10 минут
185.238.228.117,80,Spain,,20 мс,HTTP,Нет,10 минут
172.67.43.137,80,United States,,200 мс,HTTP,Нет,10 минут
191.101.251.26,80,Netherlands,Rotterdam,120 мс,HTTP,Нет,10 минут
172.64.175.2,80,United States,,20 мс,HTTP,Нет,10 минут
172.67.122.146,80,United States,,60 мс,HTTP,Нет,10 минут
185.171.230.195,80,Netherlands,,20 мс,HTTP,Нет,10 минут
203.24.108.50,80,Cyprus,,20 мс,HTTP,Нет,10 минут
203.32.121.157,80,"Virgin Islands, British",,20 мс,HTTP,Нет,10 минут
45.12.31.214,80,Romania,,20 мс,HTTP,Нет,10 минут
185.162.230.197,80,Armenia,,140 мс,HTTP,Нет,10 минут
162.247.243.138,80,United States,,140 мс,HTTP,Нет,10 минут
172.67.255.211,80,United States,,540 мс,HTTP,Нет,11 минут
172.67.255.222,80,United States,,260 мс,HTTP,Нет,11 минут
203.23.103.125,80,Belize,,100 мс,HTTP,Нет,11 минут
172.67.176.126,80,United States,,260 мс,HTTP,Нет,11 минут
203.30.188.166,80,Belize,,200 мс,HTTP,Нет,11 минут
172.67.185.151,80,United States,,360 мс,HTTP,Нет,11 минут
185.170.166.150,80,United Kingdom,,220 мс,HTTP,Нет,11 минут
172.67.26.7,80,United States,,180 мс,HTTP,Нет,11 минут
172.67.0.7,80,United States,,160 мс,HTTP,Нет,11 минут
172.67.3.143,80,United States,,340 мс,HTTP,Нет,11 минут
172.67.181.0,80,United States,,220 мс,HTTP,Нет,11 минут
185.162.231.137,80,Armenia,,200 мс,HTTP,Нет,11 минут
203.23.103.225,80,Belize,,20 мс,HTTP,Нет,11 минут
185.171.230.217,80,United Kingdom,,20 мс,HTTP,Нет,11 минут
172.67.176.221,80,United States,,180 мс,HTTP,Нет,11 минут
45.12.31.150,80,Romania,,20 мс,HTTP,Нет,11 минут
203.23.103.78,80,Belize,,340 мс,HTTP,Нет,11 минут
203.22.223.128,80,Cyprus,,200 мс,HTTP,Нет,11 минут
203.22.223.171,80,Cyprus,,20 мс,HTTP,Нет,11 минут
185.171.231.217,80,United Kingdom,,20 мс,HTTP,Нет,11 минут
185.162.231.45,80,Armenia,,20 мс,HTTP,Нет,11 минут
185.171.231.121,80,United Kingdom,,20 мс,HTTP,Нет,11 минут
45.12.30.66,80,Romania,,300 мс,HTTP,Нет,11 минут
45.14.174.139,80,Germany,,200 мс,HTTP,Нет,11 минут
203.28.9.170,80,Cyprus,,20 мс,HTTP,Нет,11 минут
203.24.108.242,80,Cyprus,,100 мс,HTTP,Нет,11 минут
203.30.189.78,80,Belize,,500 мс,HTTP,Нет,11 минут
203.34.28.226,80,"Virgin Islands, British",,360 мс,HTTP,Нет,11 минут
203.24.102.255,80,"Virgin Islands, British",,200 мс,HTTP,Нет,11 минут
203.23.103.38,80,Belize,,20 мс,HTTP,Нет,11 минут
203.24.108.7,80,Cyprus,,320 мс,HTTP,Нет,11 минут
173.245.49.93,80,France,Paris,220 мс,HTTP,Нет,11 минут
203.28.8.173,80,Cyprus,,220 мс,HTTP,Нет,11 минут
91.226.97.209,80,Belize,,20 мс,HTTP,Нет,11 минут
203.32.121.172,80,"Virgin Islands, British",,760 мс,HTTP,Нет,11 минут
45.12.31.147,80,Romania,,20 мс,HTTP,Нет,11 минут
185.171.231.117,80,United Kingdom,,20 мс,HTTP,Нет,11 минут
203.30.189.252,80,Belize,,340 мс,HTTP,Нет,11 минут
203.23.104.249,80,Cyprus,,100 мс,HTTP,Нет,11 минут
23.227.38.234,80,Canada,,20 мс,HTTP,Нет,11 минут
185.171.230.38,80,United Kingdom,,400 мс,HTTP,Нет,11 минут
185.171.230.205,80,United Kingdom,,220 мс,HTTP,Нет,11 минут
185.171.231.194,80,United Kingdom,,500 мс,HTTP,Нет,11 минут
185.162.230.126,80,Armenia,,360 мс,HTTP,Нет,11 минут
185.171.231.171,80,United Kingdom,,220 мс,HTTP,Нет,11 минут
162.247.243.53,80,United States,,100 мс,HTTP,Нет,11 минут
172.67.179.199,80,United States,,240 мс,HTTP,Нет,11 минут
172.67.185.192,80,United States,,220 мс,HTTP,Нет,11 минут
141.193.213.7,80,United States,,400 мс,HTTP,Нет,11 минут
141.101.123.32,80,,,20 мс,HTTP,Нет,11 минут
172.67.70.120,80,United States,,80 мс,HTTP,Нет,11 минут
172.67.176.7,80,United States,,500 мс,HTTP,Нет,11 минут
185.162.229.228,80,Armenia,,20 мс,HTTP,Нет,11 минут
23.227.38.141,80,Canada,,160 мс,HTTP,Нет,11 минут
45.8.107.51,80,Curacao,,20 мс,HTTP,Нет,11 минут
185.171.230.97,80,United Kingdom,,20 мс,HTTP,Нет,11 минут
203.30.189.166,80,Belize,,140 мс,HTTP,Нет,11 минут
185.162.230.7,80,Armenia,,20 мс,HTTP,Нет,11 минут
185.162.229.220,80,Armenia,,200 мс,HTTP,Нет,11 минут
23.227.38.114,80,Canada,,200 мс,HTTP,Нет,11 минут
91.226.97.129,80,Belize,,40 мс,HTTP,Нет,11 минут
185.171.231.88,80,United Kingdom,,600 мс,HTTP,Нет,11 минут
45.8.104.232,80,Curacao,,20 мс,HTTP,Нет,11 минут
185.171.231.107,80,United Kingdom,,400 мс,HTTP,Нет,11 минут
185.171.231.49,80,United Kingdom,,200 мс,HTTP,Нет,11 минут
185.171.230.117,80,United Kingdom,,140 мс,HTTP,Нет,11 минут
185.171.231.203,80,United Kingdom,,20 мс,HTTP,Нет,11 минут
185.171.230.91,80,United Kingdom,,200 мс,HTTP,Нет,11 минут
203.13.32.45,80,Cyprus,,20 мс,HTTP,Нет,11 минут
31.43.179.208,80,Kazakstan,,20 мс,HTTP,Нет,11 минут
185.162.229.191,80,Armenia,,200 мс,HTTP,Нет,11 минут
172.64.137.163,80,United States,,20 мс,HTTP,Нет,11 минут
203.23.106.11,80,Cyprus,,20 мс,HTTP,Нет,11 минут
142.93.42.71,80,United Kingdom,London,260 мс,HTTP,Средняя,11 минут
45.12.30.174,80,Romania,,200 мс,HTTP,Нет,11 минут
172.67.181.205,80,United States,,480 мс,HTTP,Нет,11 минут
172.67.0.0,80,United States,,100 мс,HTTP,Нет,11 минут
172.67.177.200,80,United States,,220 мс,HTTP,Нет,11 минут
203.22.223.48,80,Cyprus,,20 мс,HTTP,Нет,11 минут
203.34.28.189,80,"Virgin Islands, British",,20 мс,HTTP,Нет,11 минут
203.13.32.158,80,Cyprus,,140 мс,HTTP,Нет,11 минут
203.30.190.213,80,Belize,,140 мс,HTTP,Нет,11 минут
185.171.230.0,80,United Kingdom,,140 мс,HTTP,Нет,11 минут
45.8.104.58,80,Curacao,,520 мс,HTTP,Нет,11 минут
185.162.230.92,80,Armenia,,40 мс,HTTP,Нет,11 минут
45.8.105.11,80,Curacao,,140 мс,HTTP,Нет,11 минут
203.24.108.214,80,Cyprus,,120 мс,HTTP,Нет,11 минут
185.171.231.187,80,United Kingdom,,340 мс,HTTP,Нет,11 минут
203.24.103.240,80,"Virgin Islands, British",,20 мс,HTTP,Нет,11 минут
203.30.191.254,80,Belize,,140 мс,HTTP,Нет,11 минут
203.23.104.252,80,Cyprus,,20 мс,HTTP,Нет,11 минут
203.23.106.102,80,Cyprus,,140 мс,HTTP,Нет,11 минут
203.28.9.24,80,Cyprus,,20 мс,HTTP,Нет,11 минут
185.171.231.103,80,United Kingdom,,140 мс,HTTP,Нет,11 минут
185.171.230.239,80,United Kingdom,,20 мс,HTTP,Нет,11 минут
185.171.230.127,80,United Kingdom,,340 мс,HTTP,Нет,11 минут
185.171.230.39,80,United Kingdom,,340 мс,HTTP,Нет,11 минут
172.67.172.150,80,United States,,180 мс,HTTP,Нет,11 минут
203.32.121.161,80,"Virgin Islands, British",,20 мс,HTTP,Нет,11 минут
172.67.181.214,80,United States,,200 мс,HTTP,Нет,13 минут
185.171.230.98,80,United Kingdom,,400 мс,HTTP,Нет,13 минут
185.171.231.234,80,United Kingdom,,400 мс,HTTP,Нет,13 минут
185.171.230.199,80,United Kingdom,,400 мс,HTTP,Нет,13 минут
185.171.231.69,80,United Kingdom,,600 мс,HTTP,Нет,13 минут
185.171.230.53,80,United Kingdom,,400 мс,HTTP,Нет,13 минут
185.171.231.94,80,United Kingdom,,400 мс,HTTP,Нет,13 минут
185.171.231.184,80,United Kingdom,,600 мс,HTTP,Нет,13 минут
185.171.231.174,80,United Kingdom,,400 мс,HTTP,Нет,13 минут
172.67.179.209,80,United States,,200 мс,HTTP,Нет,13 минут
172.67.188.10,80,United States,,220 мс,HTTP,Нет,13 минут
185.171.230.227,80,United Kingdom,,200 мс,HTTP,Нет,13 минут
203.34.28.172,80,"Virgin Islands, British",,20 мс,HTTP,Нет,13 минут
185.171.230.105,80,United Kingdom,,20 мс,HTTP,Нет,13 минут
185.171.230.202,80,United Kingdom,,20 мс,HTTP,Нет,13 минут
185.171.231.238,80,United Kingdom,,20 мс,HTTP,Нет,13 минут
185.171.231.115,80,United Kingdom,,200 мс,HTTP,Нет,13 минут
203.34.28.48,80,"Virgin Islands, British",,200 мс,HTTP,Нет,13 минут
203.24.108.36,80,Cyprus,,200 мс,HTTP,Нет,13 минут
185.171.231.157,80,United Kingdom,,20 мс,HTTP,Нет,13 минут
45.14.174.100,80,Germany,,200 мс,HTTP,Нет,13 минут
185.171.230.144,80,United Kingdom,,20 мс,HTTP,Нет,13 минут
185.171.230.147,80,United Kingdom,,20 мс,HTTP,Нет,13 минут
185.171.231.98,80,United Kingdom,,20 мс,HTTP,Нет,13 минут
185.171.231.220,80,United Kingdom,,200 мс,HTTP,Нет,13 минут
45.12.31.206,80,Romania,,20 мс,HTTP,Нет,13 минут
203.30.190.135,80,Belize,,20 мс,HTTP,Нет,13 минут
185.171.231.180,80,United Kingdom,,40 мс,HTTP,Нет,13 минут
203.30.190.169,80,Belize,,20 мс,HTTP,Нет,13 минут
172.67.254.140,80,United States,,240 мс,HTTP,Нет,13 минут
185.171.231.216,80,United Kingdom,,600 мс,HTTP,Нет,13 минут
185.171.230.82,80,United Kingdom,,600 мс,HTTP,Нет,13 минут
185.171.231.101,80,United Kingdom,,620 мс,HTTP,Нет,13 минут
185.162.229.143,80,Armenia,,600 мс,HTTP,Нет,13 минут
173.245.49.4,80,France,Paris,180 мс,HTTP,Нет,13 минут
172.67.3.110,80,United States,,200 мс,HTTP,Нет,13 минут
203.23.103.183,80,Belize,,20 мс,HTTP,Нет,13 минут
185.171.231.226,80,United Kingdom,,40 мс,HTTP,Нет,13 минут
185.171.231.252,80,United Kingdom,,40 мс,HTTP,Нет,13 минут
185.171.231.52,80,United Kingdom,,400 мс,HTTP,Нет,13 минут
185.171.230.228,80,United Kingdom,,20 мс,HTTP,Нет,13 минут
185.171.230.161,80,United Kingdom,,20 мс,HTTP,Нет,13 минут
185.171.230.225,80,United Kingdom,,200 мс,HTTP,Нет,13 минут
185.171.230.191,80,United Kingdom,,20 мс,HTTP,Нет,13 минут
203.23.106.172,80,Cyprus,,20 мс,HTTP,Нет,13 минут
185.162.229.219,80,Armenia,,40 мс,HTTP,Нет,13 минут
185.171.231.28,80,United Kingdom,,20 мс,HTTP,Нет,13 минут
185.171.231.166,80,United Kingdom,,200 мс,HTTP,Нет,13 минут
185.171.231.18,80,United Kingdom,,400 мс,HTTP,Нет,13 минут
185.171.231.168,80,United Kingdom,,200 мс,HTTP,Нет,13 минут
185.171.230.165,80,United Kingdom,,420 мс,HTTP,Нет,13 минут
185.171.230.52,80,United Kingdom,,200 мс,HTTP,Нет,13 минут
185.171.230.208,80,United Kingdom,,200 мс,HTTP,Нет,13 минут
185.171.231.71,80,United Kingdom,,20 мс,HTTP,Нет,13 минут
185.171.230.131,80,United Kingdom,,20 мс,HTTP,Нет,13 минут
203.30.189.118,80,Belize,,20 мс,HTTP,Нет,13 минут
185.171.230.135,80,United Kingdom,,20 мс,HTTP,Нет,13 минут
185.171.230.18,80,United Kingdom,,200 мс,HTTP,Нет,13 минут
185.171.231.123,80,United Kingdom,,20 мс,HTTP,Нет,13 минут
45.8.105.8,80,Curacao,,200 мс,HTTP,Нет,13 минут
185.171.231.78,80,United Kingdom,,200 мс,HTTP,Нет,13 минут
203.13.32.165,80,Cyprus,,200 мс,HTTP,Нет,13 минут
203.23.104.179,80,Cyprus,,20 мс,HTTP,Нет,13 минут
203.23.106.122,80,Cyprus,,200 мс,HTTP,Нет,13 минут
185.162.230.61,80,Armenia,,200 мс,HTTP,Нет,13 минут
172.67.191.247,80,United States,,640 мс,HTTP,Нет,13 минут
172.67.36.196,80,United States,,120 мс,HTTP,Нет,13 минут
172.67.255.117,80,United States,,200 мс,HTTP,Нет,13 минут
91.226.97.200,80,Belize,,780 мс,HTTP,Нет,13 минут
45.8.105.222,80,Curacao,,380 мс,HTTP,Нет,13 минут
203.13.32.108,80,Cyprus,,20 мс,HTTP,Нет,13 минут
203.30.189.102,80,Belize,,380 мс,HTTP,Нет,13 минут
185.162.228.113,80,Armenia,,580 мс,HTTP,Нет,13 минут
203.30.190.205,80,Belize,,180 мс,HTTP,Нет,13 минут
203.28.8.123,80,Cyprus,,20 мс,HTTP,Нет,13 минут
203.28.9.130,80,Cyprus,,180 мс,HTTP,Нет,13 минут
185.162.230.206,80,Armenia,,20 мс,HTTP,Нет,13 минут
203.24.108.83,80,Cyprus,,180 мс,HTTP,Нет,13 минут
185.162.229.140,80,Armenia,,780 мс,HTTP,Нет,13 минут
45.8.106.4,80,Curacao,,20 мс,HTTP,Нет,13 минут
203.24.103.155,80,"Virgin Islands, British",,20 мс,HTTP,Нет,13 минут
203.24.103.17,80,"Virgin Islands, British",,580 мс,HTTP,Нет,13 минут
45.8.104.12,80,Curacao,,20 мс,HTTP,Нет,13 минут
203.32.121.96,80,"Virgin Islands, British",,20 мс,HTTP,Нет,13 минут
203.24.103.228,80,"Virgin Islands, British",,20 мс,HTTP,Нет,13 минут
45.8.106.81,80,Curacao,,380 мс,HTTP,Нет,13 минут
173.245.49.97,80,France,Paris,180 мс,HTTP,Нет,13 минут
45.8.105.72,80,Curacao,,180 мс,HTTP,Нет,13 минут
45.8.104.7,80,Curacao,,180 мс,HTTP,Нет,13 минут
203.23.103.66,80,Belize,,20 мс,HTTP,Нет,13 минут
203.30.191.65,80,Belize,,20 мс,HTTP,Нет,13 минут
23.227.38.143,80,Canada,,180 мс,HTTP,Нет,13 минут
203.30.191.2,80,Belize,,20 мс,HTTP,Нет,13 минут
172.64.103.5,80,United States,,380 мс,HTTP,Нет,13 минут
31.43.179.34,80,Kazakstan,,40 мс,HTTP,Нет,13 минут
31.43.179.52,80,Kazakstan,,20 мс,HTTP,Нет,13 минут
172.67.172.147,80,United States,,160 мс,HTTP,Нет,13 минут
185.238.228.73,80,Spain,,180 мс,HTTP,Нет,13 минут
203.30.190.153,80,Belize,,20 мс,HTTP,Нет,13 минут
172.64.158.2,80,United States,,380 мс,HTTP,Нет,13 минут
173.245.49.51,80,France,Paris,140 мс,HTTP,Нет,1 минута
203.30.188.123,80,Belize,,800 мс,HTTP,Нет,1 минута
185.162.228.62,80,Armenia,,200 мс,HTTP,Нет,1 минута
91.226.97.146,80,Belize,,400 мс,HTTP,Нет,1 минута
185.162.229.250,80,Armenia,,200 мс,HTTP,Нет,1 минута
185.171.230.44,80,United Kingdom,,400 мс,HTTP,Нет,1 минута
91.226.97.210,80,Belize,,1020 мс,HTTP,Нет,1 минута
203.22.223.146,80,Cyprus,,200 мс,HTTP,Нет,1 минута
45.8.107.86,80,Curacao,,800 мс,HTTP,Нет,1 минута
203.34.28.107,80,"Virgin Islands, British",,600 мс,HTTP,Нет,1 минута
203.23.103.195,80,Belize,,200 мс,HTTP,Нет,1 минута
203.30.189.99,80,Belize,,400 мс,HTTP,Нет,1 минута
45.8.106.35,80,Curacao,,400 мс,HTTP,Нет,1 минута
203.23.103.220,80,Belize,,200 мс,HTTP,Нет,1 минута
91.226.97.88,80,Belize,,620 мс,HTTP,Нет,1 минута
203.30.191.49,80,Belize,,200 мс,HTTP,Нет,1 минута
203.32.121.136,80,"Virgin Islands, British",,200 мс,HTTP,Нет,1 минута
172.67.170.0,80,United States,,180 мс,HTTP,Нет,1 минута
172.67.43.89,80,United States,,200 мс,HTTP,Нет,1 минута
172.67.187.244,80,United States,,260 мс,HTTP,Нет,1 минута
172.67.188.12,80,United States,,260 мс,HTTP,Нет,1 минута
172.67.191.225,80,United States,,580 мс,HTTP,Нет,1 минута
172.67.191.224,80,United States,,260 мс,HTTP,Нет,1 минута
141.193.213.90,80,United States,,200 мс,HTTP,Нет,1 минута
31.43.179.65,80,Kazakstan,,200 мс,HTTP,Нет,1 минута
141.101.115.244,80,,,400 мс,HTTP,Нет,1 минута
172.67.176.24,80,United States,,280 мс,HTTP,Нет,1 минута
185.162.230.169,80,Armenia,,600 мс,HTTP,Нет,1 минута
203.32.120.21,80,"Virgin Islands, British",,20 мс,HTTP,Нет,1 минута
203.30.189.173,80,Belize,,20 мс,HTTP,Нет,1 минута
203.28.8.243,80,Cyprus,,20 мс,HTTP,Нет,1 минута
203.22.223.105,80,Cyprus,,20 мс,HTTP,Нет,1 минута
203.28.9.228,80,Cyprus,,400 мс,HTTP,Нет,1 минута
203.28.8.117,80,Cyprus,,20 мс,HTTP,Нет,1 минута
91.226.97.135,80,Belize,,20 мс,HTTP,Нет,1 минута
45.8.104.73,80,Curacao,,40 мс,HTTP,Нет,1 минута
23.227.38.8,80,Canada,,20 мс,HTTP,Нет,1 минута
203.23.106.134,80,Cyprus,,40 мс,HTTP,Нет,1 минута
172.67.43.192,80,United States,,200 мс,HTTP,Нет,1 минута
141.193.213.231,80,United States,,40 мс,HTTP,Нет,1 минута
191.101.251.126,80,Netherlands,Rotterdam,20 мс,HTTP,Нет,1 минута
172.67.242.194,80,United States,,220 мс,HTTP,Нет,1 минута
172.67.3.133,80,United States,,220 мс,HTTP,Нет,1 минута
203.32.121.204,80,"Virgin Islands, British",,400 мс,HTTP,Нет,1 минута
203.22.223.174,80,Cyprus,,20 мс,HTTP,Нет,1 минута
172.67.167.1,80,United States,,440 мс,HTTP,Нет,1 минута
172.67.176.171,80,United States,,240 мс,HTTP,Нет,1 минута
203.23.103.172,80,Belize,,640 мс,HTTP,Нет,1 минута
185.162.231.185,80,Armenia,,20 мс,HTTP,Нет,1 минута
203.24.109.42,80,Belize,,420 мс,HTTP,Нет,1 минута
45.8.104.98,80,Curacao,,20 мс,HTTP,Нет,1 минута
185.162.229.149,80,Armenia,,20 мс,HTTP,Нет,1 минута
203.28.9.103,80,Cyprus,,20 мс,HTTP,Нет,1 минута
203.24.103.61,80,"Virgin Islands, British",,20 мс,HTTP,Нет,1 минута
172.67.176.58,80,United States,,260 мс,HTTP,Нет,1 минута
172.67.193.247,80,United States,,440 мс,HTTP,Нет,1 минута
31.43.179.72,80,Kazakstan,,20 мс,HTTP,Нет,1 минута
162.247.243.102,80,United States,,20 мс,HTTP,Нет,1 минута
172.67.172.166,80,United States,,440 мс,HTTP,Нет,1 минута
172.67.192.61,80,United States,,180 мс,HTTP,Нет,1 минута
172.67.181.16,80,United States,,240 мс,HTTP,Нет,1 минута
172.67.70.50,80,United States,,80 мс,HTTP,Нет,1 минута
172.67.176.154,80,United States,,240 мс,HTTP,Нет,1 минута
203.24.108.3,80,Cyprus,,20 мс,HTTP,Нет,1 минута
203.30.188.137,80,Belize,,40 мс,HTTP,Нет,1 минута
185.162.229.163,80,Armenia,,40 мс,HTTP,Нет,1 минута
45.14.174.13,80,Germany,,220 мс,HTTP,Нет,1 минута
203.22.223.228,80,Cyprus,,120 мс,HTTP,Нет,1 минута
203.24.109.159,80,Belize,,20 мс,HTTP,Нет,1 минута
203.22.223.84,80,Cyprus,,20 мс,HTTP,Нет,1 минута
45.8.106.41,80,Curacao,,20 мс,HTTP,Нет,1 минута
172.67.187.236,80,United States,,200 мс,HTTP,Нет,1 минута
45.8.104.171,80,Curacao,,20 мс,HTTP,Нет,1 минута
203.24.102.111,80,"Virgin Islands, British",,20 мс,HTTP,Нет,1 минута
45.14.174.218,80,Germany,,20 мс,HTTP,Нет,1 минута
203.28.9.208,80,Cyprus,,20 мс,HTTP,Нет,1 минута
94.232.11.178,46449,Russian Federation,Elektrostal,3360 мс,HTTP,Высокая,1 минута
50.206.25.111,80,United States,,540 мс,HTTP,Высокая,1 минута
68.185.57.66,80,United States,Yakima,800 мс,HTTP,Высокая,1 минута
85.26.146.169,80,Russian Federation,Moscow,20 мс,HTTP,Высокая,1 минута
172.67.7.187,80,United States,,400 мс,HTTP,Нет,3 минуты
172.67.180.55,80,United States,,360 мс,HTTP,Нет,3 минуты
172.67.176.223,80,United States,,520 мс,HTTP,Нет,3 минуты
172.67.177.106,80,United States,,280 мс,HTTP,Нет,3 минуты
203.23.103.65,80,Belize,,200 мс,HTTP,Нет,3 минуты
203.28.9.42,80,Cyprus,,200 мс,HTTP,Нет,3 минуты
45.12.31.221,80,Romania,,200 мс,HTTP,Нет,3 минуты
185.162.231.220,80,Armenia,,20 мс,HTTP,Нет,3 минуты
185.171.230.183,80,United Kingdom,,200 мс,HTTP,Нет,3 минуты
185.162.231.102,80,Armenia,,20 мс,HTTP,Нет,3 минуты
203.34.28.41,80,"Virgin Islands, British",,220 мс,HTTP,Нет,3 минуты
203.24.109.166,80,Belize,,40 мс,HTTP,Нет,3 минуты
91.226.97.75,80,Belize,,400 мс,HTTP,Нет,3 минуты
203.23.103.245,80,Belize,,200 мс,HTTP,Нет,3 минуты
203.30.191.239,80,Belize,,200 мс,HTTP,Нет,3 минуты
185.162.230.101,80,Armenia,,40 мс,HTTP,Нет,3 минуты
45.8.106.226,80,Curacao,,20 мс,HTTP,Нет,3 минуты
45.14.174.15,80,Germany,,200 мс,HTTP,Нет,3 минуты
162.247.243.149,80,United States,,40 мс,HTTP,Нет,3 минуты
172.67.172.148,80,United States,,460 мс,HTTP,Нет,3 минуты
185.238.228.242,80,Spain,,620 мс,HTTP,Нет,3 минуты
185.238.228.72,80,Spain,,220 мс,HTTP,Нет,3 минуты
185.238.228.54,80,Spain,,200 мс,HTTP,Нет,3 минуты
162.247.243.60,80,United States,,40 мс,HTTP,Нет,3 минуты
203.32.120.74,80,"Virgin Islands, British",,20 мс,HTTP,Нет,3 минуты
45.14.174.128,80,Germany,,200 мс,HTTP,Нет,3 минуты
185.162.228.224,80,Armenia,,20 мс,HTTP,Нет,3 минуты
203.28.8.160,80,Cyprus,,20 мс,HTTP,Нет,3 минуты
23.227.38.200,80,Canada,,20 мс,HTTP,Нет,3 минуты
203.30.191.165,80,Belize,,20 мс,HTTP,Нет,3 минуты
203.30.191.141,80,Belize,,20 мс,HTTP,Нет,3 минуты
185.162.228.98,80,Armenia,,800 мс,HTTP,Нет,3 минуты
203.32.120.46,80,"Virgin Islands, British",,200 мс,HTTP,Нет,3 минуты
203.23.103.142,80,Belize,,20 мс,HTTP,Нет,3 минуты
203.30.191.229,80,Belize,,200 мс,HTTP,Нет,3 минуты
203.32.120.186,80,"Virgin Islands, British",,800 мс,HTTP,Нет,3 минуты
203.28.9.31,80,Cyprus,,200 мс,HTTP,Нет,3 минуты
45.12.30.236,80,Romania,,20 мс,HTTP,Нет,3 минуты
45.8.104.9,80,Curacao,,20 мс,HTTP,Нет,3 минуты
45.14.174.188,80,Germany,,400 мс,HTTP,Нет,3 минуты
203.23.106.146,80,Cyprus,,20 мс,HTTP,Нет,3 минуты
203.24.109.155,80,Belize,,400 мс,HTTP,Нет,3 минуты
203.23.103.148,80,Belize,,200 мс,HTTP,Нет,3 минуты
185.162.229.215,80,Armenia,,400 мс,HTTP,Нет,3 минуты
203.28.8.162,80,Cyprus,,20 мс,HTTP,Нет,3 минуты
45.14.174.216,80,Germany,,20 мс,HTTP,Нет,3 минуты
203.32.120.198,80,"Virgin Islands, British",,400 мс,HTTP,Нет,3 минуты
195.137.167.109,80,Ukraine,,200 мс,HTTP,Нет,3 минуты
203.24.109.239,80,Belize,,1100 мс,HTTP,Нет,3 минуты
185.171.231.68,80,United Kingdom,,820 мс,HTTP,Нет,3 минуты
203.30.190.187,80,Belize,,1040 мс,HTTP,Нет,3 минуты
203.22.223.217,80,Cyprus,,20 мс,HTTP,Нет,3 минуты
172.67.180.232,80,United States,,580 мс,HTTP,Нет,3 минуты
91.226.97.113,80,Ukraine,,20 мс,HTTP,Нет,3 минуты
172.67.177.78,80,United States,,240 мс,HTTP,Нет,3 минуты
203.23.103.12,80,Belize,,420 мс,HTTP,Нет,3 минуты
91.226.97.47,80,Belize,,20 мс,HTTP,Нет,3 минуты
45.8.107.121,80,Curacao,,40 мс,HTTP,Нет,3 минуты
203.28.8.154,80,Cyprus,,620 мс,HTTP,Нет,3 минуты
203.30.188.53,80,Belize,,420 мс,HTTP,Нет,3 минуты
185.162.231.113,80,Armenia,,40 мс,HTTP,Нет,3 минуты
203.13.32.240,80,Cyprus,,220 мс,HTTP,Нет,3 минуты
203.30.188.36,80,Belize,,620 мс,HTTP,Нет,3 минуты
185.162.231.245,80,Armenia,,40 мс,HTTP,Нет,3 минуты
203.34.28.242,80,"Virgin Islands, British",,40 мс,HTTP,Нет,3 минуты
203.23.104.224,80,Cyprus,,40 мс,HTTP,Нет,3 минуты
23.227.38.5,80,Canada,,40 мс,HTTP,Нет,3 минуты
185.162.230.158,80,Armenia,,40 мс,HTTP,Нет,3 минуты
172.67.43.124,80,United States,,200 мс,HTTP,Нет,3 минуты
172.67.43.196,80,United States,,200 мс,HTTP,Нет,3 минуты
172.67.181.252,80,United States,,280 мс,HTTP,Нет,3 минуты
172.67.181.32,80,United States,,580 мс,HTTP,Нет,3 минуты
172.67.181.2,80,United States,,540 мс,HTTP,Нет,3 минуты
172.67.255.224,80,United States,,520 мс,HTTP,Нет,3 минуты
203.32.120.213,80,"Virgin Islands, British",,380 мс,HTTP,Нет,3 минуты
203.24.102.65,80,"Virgin Islands, British",,380 мс,HTTP,Нет,3 минуты
172.67.179.188,80,United States,,240 мс,HTTP,Нет,3 минуты
172.67.185.152,80,United States,,220 мс,HTTP,Нет,3 минуты
203.32.121.98,80,"Virgin Islands, British",,180 мс,HTTP,Нет,3 минуты
185.162.228.100,80,Armenia,,20 мс,HTTP,Нет,3 минуты
203.32.120.55,80,"Virgin Islands, British",,380 мс,HTTP,Нет,3 минуты
203.30.189.81,80,Belize,,380 мс,HTTP,Нет,3 минуты
23.227.38.53,80,Canada,,40 мс,HTTP,Нет,3 минуты
203.30.190.223,80,Belize,,20 мс,HTTP,Нет,3 минуты
203.32.120.104,80,"Virgin Islands, British",,20 мс,HTTP,Нет,3 минуты
185.162.230.203,80,Armenia,,20 мс,HTTP,Нет,3 минуты
185.171.230.47,80,United Kingdom,,400 мс,HTTP,Нет,3 минуты
203.30.191.36,80,Belize,,180 мс,HTTP,Нет,3 минуты
203.24.109.92,80,Belize,,380 мс,HTTP,Нет,3 минуты
203.30.188.116,80,Belize,,20 мс,HTTP,Нет,3 минуты
203.32.120.72,80,"Virgin Islands, British",,380 мс,HTTP,Нет,3 минуты
203.23.104.66,80,Cyprus,,20 мс,HTTP,Нет,3 минуты
203.22.223.60,80,Cyprus,,180 мс,HTTP,Нет,3 минуты
91.226.97.21,80,Belize,,20 мс,HTTP,Нет,3 минуты
203.23.106.183,80,Cyprus,,40 мс,HTTP,Нет,3 минуты
185.171.230.130,80,United Kingdom,,180 мс,HTTP,Нет,3 минуты
203.24.109.67,80,Belize,,20 мс,HTTP,Нет,3 минуты
31.43.179.70,80,Kazakstan,,380 мс,HTTP,Нет,3 минуты
195.137.167.107,80,Ukraine,,180 мс,HTTP,Нет,3 минуты
191.101.251.188,80,Netherlands,Rotterdam,20 мс,HTTP,Нет,3 минуты
172.67.3.79,80,United States,,180 мс,HTTP,Нет,4 минуты
172.67.181.129,80,United States,,480 мс,HTTP,Нет,4 минуты
172.67.182.28,80,United States,,580 мс,HTTP,Нет,4 минуты
172.67.182.59,80,United States,,600 мс,HTTP,Нет,4 минуты
172.67.182.27,80,United States,,200 мс,HTTP,Нет,4 минуты
185.162.230.88,80,Armenia,,600 мс,HTTP,Нет,4 минуты
172.67.176.103,80,United States,,220 мс,HTTP,Нет,4 минуты
185.162.229.8,80,Armenia,,40 мс,HTTP,Нет,4 минуты
203.24.103.124,80,"Virgin Islands, British",,160 мс,HTTP,Нет,4 минуты
203.32.121.158,80,"Virgin Islands, British",,780 мс,HTTP,Нет,4 минуты
45.14.174.226,80,Germany,,40 мс,HTTP,Нет,4 минуты
185.162.228.54,80,Armenia,,20 мс,HTTP,Нет,4 минуты
